time_s,Q_raw_m3s,Q_clean_m3s
0.0,0.0,0.0
0.0100156,0.399378,0.399378
0.0200223,0.0,0.429655
0.0300248,0.0,0.459932
0.0400156,0.0,0.490209
0.0500156,0.0,0.520486
0.0600018,0.550763,0.550763
0.07002,0.249545,0.249545
0.0800039,0.13021,0.13021
0.0900052,0.479936,0.479936
0.100006,0.339981,0.339981
0.110001,0.400204,0.400204
0.120022,0.478995,0.478995
0.130001,0.450947,0.450947
0.140025,0.458867,0.458867
0.150018,0.560389,0.560389
0.160014,0.480216,0.480216
0.170001,0.610762,0.610762
0.18001,0.619449,0.619449
0.190015,0.539736,0.539736
0.20003,0.688969,0.688969
0.210003,0.591623,0.591623
0.220001,0.74015,0.74015
0.230025,0.648451,0.648451
0.240025,0.68998,0.68998
0.25002,0.700361,0.700361
0.260008,0.790909,0.790909
0.270001,0.710512,0.710512
0.280012,0.74915,0.74915
0.29003,0.778619,0.778619
0.300001,0.742194,0.742194
0.310029,0.787764,0.787764
0.32001,0.801486,0.801486
0.330018,0.799358,0.799358
0.340021,0.759809,0.759809
0.350023,0.86983,0.86983
0.360007,0.771257,0.771257
0.370011,0.809665,0.809665
0.380022,0.819062,0.819062
0.390009,0.87118,0.87118
0.400024,0.778792,0.778792
0.410028,0.809675,0.809675
0.42001,0.811457,0.811457
0.430017,0.799494,0.799494
0.440006,0.81086,0.81086
0.45001,0.809709,0.809709
0.460005,0.840381,0.840381
0.47003,0.788025,0.788025
0.480017,0.781002,0.781002
0.49002,0.77982,0.77982
0.500017,0.750224,0.750224
0.510004,0.780983,0.780983
0.520007,0.739748,0.739748
0.530001,0.700452,0.700452
0.540025,0.748212,0.748212
0.550017,0.680533,0.680533
0.56001,0.770528,0.770528
0.570029,0.668759,0.668759
0.580017,0.690801,0.690801
0.590004,0.670859,0.670859
0.600023,0.748611,0.748611
0.610009,0.650915,0.650915
0.620023,0.659085,0.659085
0.630005,0.651163,0.651163
0.640017,0.709153,0.709153
0.650027,0.66931,0.66931
0.660002,0.671665,0.671665
0.670013,0.569377,0.569377
0.680011,0.640132,0.640132
0.690002,0.680631,0.680631
0.700008,0.619639,0.619639
0.710012,0.689713,0.689713
0.720001,0.61064,0.61064
0.730016,0.589124,0.589124
0.74001,0.640426,0.640426
0.750011,0.649887,0.649887
0.760017,0.579672,0.579672
0.770017,0.659986,0.659986
0.780002,0.590897,0.590897
0.790004,0.619856,0.619856
0.800004,0.620046,0.620046
0.810007,0.599806,0.599806
0.820016,0.599454,0.599454
0.830009,0.630429,0.630429
0.840022,0.57926,0.57926
0.850013,0.570505,0.570505
0.860017,0.609768,0.609768
0.870015,0.560112,0.560112
0.880021,0.569665,0.569665
0.890008,0.620804,0.620804
0.900019,0.579351,0.579351
0.910007,0.550643,0.550643
0.920023,0.569115,0.569115
0.930024,0.549939,0.549939
0.940024,0.579973,0.579973
0.950012,0.600759,0.600759
0.960017,0.589695,0.589695
0.970027,0.489513,0.489513
0.980013,0.540771,0.540771
0.990013,0.559976,0.559976
1.00001,0.510196,0.510196
1.01001,0.579946,0.579946
1.02,0.520433,0.520433
1.03001,0.519662,0.519662
1.04002,0.519314,0.519314
1.05001,0.530638,0.530638
1.06002,0.529684,0.529684
1.07,0.480558,0.480558
1.08001,0.479899,0.479899
1.09001,0.529762,0.529762
1.10003,0.479244,0.479244
1.11001,0.550761,0.550761
1.12003,0.399298,0.399298
1.13001,0.571038,0.571038
1.14001,0.480222,0.480222
1.15002,0.389565,0.389565
1.16002,0.539669,0.539669
1.17003,0.41988,0.41988
1.18003,0.529879,0.529879
1.19001,0.451003,0.451003
1.20001,0.439966,0.439966
1.21003,0.449003,0.449003
1.22002,0.530615,0.530615
1.23001,0.500346,0.500346
1.24001,0.209955,0.209955
1.25002,0.329704,0.329704
1.26003,0.229811,0.229811
1.27003,0.230055,0.230055
1.28002,0.300197,0.300197
1.29001,0.190258,0.190258
1.30002,0.249784,0.249784
1.31001,0.25011,0.25011
1.32001,0.230107,0.230107
1.33002,0.21971,0.21971
1.34002,0.219995,0.219995
1.35002,0.210023,0.210023
1.36003,0.219835,0.219835
1.37002,0.230301,0.230301
1.38002,0.159926,0.159926
1.39002,0.249969,0.249969
1.40001,0.180151,0.180151
1.41002,0.199795,0.199795
1.42003,0.19983,0.19983
1.43002,0.170265,0.170265
1.44,0.160194,0.160194
1.45002,0.159759,0.159759
1.46003,0.199781,0.199781
1.47,0.140384,0.140384
1.48001,0.13993,0.13993
1.49001,0.209914,0.209914
1.50003,0.149726,0.149726
1.51002,0.120102,0.120102
1.52001,0.150122,0.150122
1.53,0.15019,0.15019
1.54,0.129994,0.129994
1.55003,0.159564,0.159564
1.56,0.130315,0.130315
1.57001,0.119904,0.119904
1.58001,0.140083,0.140083
1.59001,0.169873,0.169873
1.60003,0.0798808,0.0798808
1.61001,0.13018,0.13018
1.62003,0.159788,0.159788
1.63,0.0902188,0.0902188
1.64002,0.139724,0.139724
1.65001,0.0800751,0.0800751
1.66,0.100114,0.100114
1.67001,0.139913,0.139913
1.68,0.0700334,0.0700334
1.69002,0.139714,0.139714
1.70001,0.100146,0.100146
1.71002,0.109934,0.109934
1.72001,0.100023,0.100023
1.73002,0.109891,0.109891
1.74003,0.0699552,0.0699552
1.75002,0.100106,0.100106
1.76001,0.0900808,0.0900808
1.77002,0.0999162,0.0999162
1.78002,0.0400014,0.0400014
1.79001,0.13014,0.13014
1.8,0.0700522,0.0700522
1.81002,0.0599103,0.0599103
1.82001,0.0700712,0.0700712
1.83001,0.099909,0.099909
1.84003,0.0599357,0.0599357
1.85002,0.100065,0.100065
1.86003,0.0599325,0.0599325
1.87002,0.100108,0.100108
1.88001,0.0500318,0.0500318
1.89002,0.059948,0.059948
1.90001,0.0500765,0.0500765
1.91003,0.109767,0.109767
1.92001,0.0400838,0.0400838
1.93001,0.0999678,0.0999678
1.94003,0.039928,0.039928
1.95002,0.080053,0.080053
1.96001,0.0600404,0.0600404
1.97,0.0400536,0.0400536
1.98002,0.0599159,0.0599159
1.99001,0.0800123,0.0800123
2.00001,0.0400094,0.0400094
